{"version":"4.0.6","commands":{"hydrogen:build":{"id":"hydrogen:build","description":"Builds a Hydrogen storefront for production.","strict":true,"pluginName":"@shopify/cli-hydrogen","pluginAlias":"@shopify/cli-hydrogen","pluginType":"core","aliases":[],"flags":{"path":{"name":"path","type":"option","description":"The path to the directory of the Hydrogen storefront. The default is the current directory.","multiple":false},"sourcemap":{"name":"sourcemap","type":"boolean","description":"Generate sourcemaps for the build.","allowNo":false},"disable-route-warning":{"name":"disable-route-warning","type":"boolean","description":"Disable warning about missing standard routes.","allowNo":false}},"args":[]},"hydrogen:check":{"id":"hydrogen:check","description":"Returns diagnostic information about a Hydrogen storefront.","strict":true,"pluginName":"@shopify/cli-hydrogen","pluginAlias":"@shopify/cli-hydrogen","pluginType":"core","aliases":[],"flags":{"path":{"name":"path","type":"option","description":"The path to the directory of the Hydrogen storefront. The default is the current directory.","multiple":false}},"args":[{"name":"resource","description":"The resource to check. Currently only 'routes' is supported.","required":true,"options":["routes"]}]},"hydrogen:dev":{"id":"hydrogen:dev","description":"Runs Hydrogen storefront in an Oxygen worker for development.","strict":true,"pluginName":"@shopify/cli-hydrogen","pluginAlias":"@shopify/cli-hydrogen","pluginType":"core","aliases":[],"flags":{"path":{"name":"path","type":"option","description":"The path to the directory of the Hydrogen storefront. The default is the current directory.","multiple":false},"port":{"name":"port","type":"option","description":"Port to run the server on.","multiple":false,"default":3000},"disable-virtual-routes":{"name":"disable-virtual-routes","type":"boolean","description":"Disable rendering fallback routes when a route file doesn't exist","allowNo":false}},"args":[]},"hydrogen:init":{"id":"hydrogen:init","description":"Creates a new Hydrogen storefront.","strict":true,"pluginName":"@shopify/cli-hydrogen","pluginAlias":"@shopify/cli-hydrogen","pluginType":"core","aliases":[],"flags":{"force":{"name":"force","type":"boolean","char":"f","description":"Overwrite the destination directory and files if they already exist.","allowNo":false},"path":{"name":"path","type":"option","description":"The path to the directory of the new Hydrogen storefront.","multiple":false},"language":{"name":"language","type":"option","description":"Sets the template language to use. One of `js` or `ts`.","multiple":false},"template":{"name":"template","type":"option","description":"Sets the template to use. One of `demo-store` or `hello-world`.","multiple":false},"install-deps":{"name":"install-deps","type":"boolean","description":"Auto install dependencies using the active package manager","allowNo":true}},"args":[]},"hydrogen:preview":{"id":"hydrogen:preview","description":"Runs a Hydrogen storefront in an Oxygen worker for production.","strict":true,"pluginName":"@shopify/cli-hydrogen","pluginAlias":"@shopify/cli-hydrogen","pluginType":"core","aliases":[],"flags":{"path":{"name":"path","type":"option","description":"The path to the directory of the Hydrogen storefront. The default is the current directory.","multiple":false},"port":{"name":"port","type":"option","description":"Port to run the server on.","multiple":false,"default":3000}},"args":[]},"hydrogen:generate:route":{"id":"hydrogen:generate:route","description":"Generates a standard Shopify route.","strict":true,"pluginName":"@shopify/cli-hydrogen","pluginAlias":"@shopify/cli-hydrogen","pluginType":"core","aliases":[],"flags":{"adapter":{"name":"adapter","type":"option","description":"Remix adapter used in the route. The default is `@shopify/remix-oxygen`.","multiple":false},"typescript":{"name":"typescript","type":"boolean","description":"Generate TypeScript files","allowNo":false},"force":{"name":"force","type":"boolean","char":"f","description":"Overwrite the destination directory and files if they already exist.","allowNo":false},"path":{"name":"path","type":"option","description":"The path to the directory of the Hydrogen storefront. The default is the current directory.","multiple":false}},"args":[{"name":"route","description":"The route to generate. One of home,page,cart,products,collections,policies,robots,sitemap,account,all.","required":true,"options":["home","page","cart","products","collections","policies","robots","sitemap","account","all"]}]},"hydrogen:generate:routes":{"id":"hydrogen:generate:routes","description":"Generates all supported standard shopify routes.","strict":true,"pluginName":"@shopify/cli-hydrogen","pluginAlias":"@shopify/cli-hydrogen","pluginType":"core","aliases":[],"flags":{"adapter":{"name":"adapter","type":"option","description":"Remix adapter used in the route. The default is `@shopify/remix-oxygen`.","multiple":false},"typescript":{"name":"typescript","type":"boolean","description":"Generate TypeScript files","allowNo":false},"force":{"name":"force","type":"boolean","char":"f","description":"Overwrite the destination directory and files if they already exist.","allowNo":false},"path":{"name":"path","type":"option","description":"The path to the directory of the Hydrogen storefront. The default is the current directory.","multiple":false}},"args":[]}}}